1,测试,测试1,5,2024-04-23 22:38:22,2024-04-23 22:41:02
2,测试,测试2,5,2024-04-23 22:38:22,2024-04-23 22:41:02
3,测试,测试3,5,2024-04-23 22:38:22,2024-04-23 22:41:02
4,测试,测试4,5,2024-04-23 22:38:22,2024-04-23 22:41:02
5,测试,测试5,5,2024-04-23 22:38:22,2024-04-23 22:41:02
6,测试,测试6,5,2024-04-23 22:38:36,2024-04-23 22:41:02
7,测试,测试7,5,2024-04-23 22:38:36,2024-04-23 22:41:02
8,测试,测试8,5,2024-04-23 22:38:36,2024-04-23 22:41:02
9,测试,测试9,5,2024-04-23 22:38:36,2024-04-23 22:41:02
10,测试,测试10,5,2024-04-23 22:38:36,2024-04-23 22:41:02
11,测试,测试11,5,2024-04-23 22:38:46,2024-04-23 22:41:02
12,测试,测试12,5,2024-04-23 22:38:46,2024-04-23 22:41:02
13,测试,测试13,5,2024-04-23 22:38:46,2024-04-23 22:41:02
14,测试,测试14,5,2024-04-23 22:38:46,2024-04-23 22:41:02
15,测试,测试15,5,2024-04-23 22:38:46,2024-04-23 22:41:02
16,测试,测试16,5,2024-04-23 22:38:57,2024-04-23 22:41:02
17,测试,测试17,5,2024-04-23 22:38:57,2024-04-23 22:41:02
18,测试,测试18,5,2024-04-23 22:38:57,2024-04-23 22:41:02
19,测试,测试19,5,2024-04-23 22:38:57,2024-04-23 22:41:02
20,测试,测试20,5,2024-04-23 22:38:57,2024-04-23 22:41:02
21,测试,测试21,5,2024-04-23 22:39:12,2024-04-23 22:41:02
22,测试,测试22,5,2024-04-23 22:39:12,2024-04-23 22:41:02
23,测试,测试23,5,2024-04-23 22:39:12,2024-04-23 22:41:02
24,测试,测试24,5,2024-04-23 22:39:12,2024-04-23 22:41:02
25,测试,测试25,5,2024-04-23 22:39:12,2024-04-23 22:41:02
26,测试,测试26,5,2024-04-23 22:39:24,2024-04-23 22:41:02
27,测试,测试27,5,2024-04-23 22:39:24,2024-04-23 22:41:02
28,测试,测试28,5,2024-04-23 22:39:24,2024-04-23 22:41:02
29,测试,测试29,5,2024-04-23 22:39:24,2024-04-23 22:41:02
30,测试,测试30,5,2024-04-23 22:39:24,2024-04-23 22:41:02
31,测试,测试31,5,2024-04-23 22:39:35,2024-04-23 22:41:02
32,测试,测试32,5,2024-04-23 22:39:35,2024-04-23 22:41:02
33,测试,测试33,5,2024-04-23 22:39:35,2024-04-23 22:41:02
34,测试,测试34,5,2024-04-23 22:39:35,2024-04-23 22:41:02
35,测试,测试35,5,2024-04-23 22:39:35,2024-04-23 22:41:02
36,测试,测试36,5,2024-04-23 22:39:46,2024-04-23 22:41:02
37,测试,测试37,5,2024-04-23 22:39:46,2024-04-23 22:41:02
38,测试,测试38,5,2024-04-23 22:39:46,2024-04-23 22:41:02
39,测试,测试39,5,2024-04-23 22:39:46,2024-04-23 22:41:02
40,测试,测试40,5,2024-04-23 22:39:46,2024-04-23 22:41:02
41,测试,测试41,5,2024-04-23 22:39:57,2024-04-23 22:41:02
42,测试,测试42,5,2024-04-23 22:39:57,2024-04-23 22:41:02
43,测试,测试43,5,2024-04-23 22:39:57,2024-04-23 22:41:02
44,测试,测试44,5,2024-04-23 22:39:57,2024-04-23 22:41:02
45,测试,测试45,5,2024-04-23 22:39:57,2024-04-23 22:41:02
46,测试,测试46,5,2024-04-23 22:40:10,2024-04-23 22:41:02
47,测试,测试47,5,2024-04-23 22:40:10,2024-04-23 22:41:02
48,测试,测试48,5,2024-04-23 22:40:10,2024-04-23 22:41:02
49,测试,测试49,5,2024-04-23 22:40:10,2024-04-23 22:41:02
50,测试,测试50,5,2024-04-23 22:40:10,2024-04-23 22:41:02
